concept_code,privacy_rule,date_added
snsc_sc_facebook_yn,nph_redcap_forms,2024-05-28
snsc_sc_facebook_num,nph_redcap_forms,2024-05-28
snsc_sc_instagram_yn,nph_redcap_forms,2024-05-28
snsc_sc_instagram_num,nph_redcap_forms,2024-05-28
snsc_sc_twitter_yn,nph_redcap_forms,2024-05-28
snsc_sc_twitter_num,nph_redcap_forms,2024-05-28
snsc_mb_a_age,nph_redcap_forms,2024-05-28
snsc_mb_b_age,nph_redcap_forms,2024-05-28
snsc_mb_c_age,nph_redcap_forms,2024-05-28
snsc_mb_d_age,nph_redcap_forms,2024-05-28
snsc_mb_e_age,nph_redcap_forms,2024-05-28
snsc_mb_a_live,nph_redcap_forms,2024-05-28
snsc_mb_b_live,nph_redcap_forms,2024-05-28
snsc_mb_c_live,nph_redcap_forms,2024-05-28
snsc_mb_d_live,nph_redcap_forms,2024-05-28
snsc_mb_e_live,nph_redcap_forms,2024-05-28
snsc_mb_a_talk,nph_redcap_forms,2024-05-28
snsc_mb_b_talk,nph_redcap_forms,2024-05-28
snsc_mb_c_talk,nph_redcap_forms,2024-05-28
snsc_mb_d_talk,nph_redcap_forms,2024-05-28
snsc_mb_e_talk,nph_redcap_forms,2024-05-28
snsc_mb_healthy1,nph_redcap_forms,2024-05-28
snsc_mb_healthy2,nph_redcap_forms,2024-05-28
snsc_mb_healthy3,nph_redcap_forms,2024-05-28
snsc_mb_healthy4,nph_redcap_forms,2024-05-28
snsc_mb_healthy5,nph_redcap_forms,2024-05-28
snsc_mb_most1,nph_redcap_forms,2024-05-28
snsc_mb_most2,nph_redcap_forms,2024-05-28
snsc_mb_most3,nph_redcap_forms,2024-05-28
snsc_mb_most4,nph_redcap_forms,2024-05-28
snsc_mb_most5,nph_redcap_forms,2024-05-28
snsc_ns_a1_b2,nph_redcap_forms,2024-05-28
snsc_ns_a1_c3,nph_redcap_forms,2024-05-28
snsc_ns_a1_d4,nph_redcap_forms,2024-05-28
snsc_ns_a1_e5,nph_redcap_forms,2024-05-28
snsc_ns_b2_c3,nph_redcap_forms,2024-05-28
snsc_ns_b2_d4,nph_redcap_forms,2024-05-28
snsc_ns_b2_e5,nph_redcap_forms,2024-05-28
snsc_ns_c3_d4,nph_redcap_forms,2024-05-28
snsc_ns_c3_e5,nph_redcap_forms,2024-05-28
snsc_ns_d4_e5,nph_redcap_forms,2024-05-28
snsc_mb_a_gender,nph_redcap_forms,2024-05-28
snsc_mb_b_gender,nph_redcap_forms,2024-05-28
snsc_mb_c_gender,nph_redcap_forms,2024-05-28
snsc_mb_d_gender,nph_redcap_forms,2024-05-28
snsc_mb_e_gender,nph_redcap_forms,2024-05-28
snsc_mb_a_relationsp,nph_redcap_forms,2024-05-28
snsc_mb_b_relationsp,nph_redcap_forms,2024-05-28
snsc_mb_c_relationsp,nph_redcap_forms,2024-05-28
snsc_mb_d_relationsp,nph_redcap_forms,2024-05-28
snsc_mb_e_relationsp,nph_redcap_forms,2024-05-28
snsc_sc_instagram_num_accts,nph_redcap_forms,2024-05-28
snsc_sc_twitter_num_accts,nph_redcap_forms,2024-05-28
snsc_mb_a_relation,nph_redcap_forms,2024-05-28
snsc_mb_b_relation,nph_redcap_forms,2024-05-28
snsc_mb_c_relation,nph_redcap_forms,2024-05-28
snsc_mb_d_relation,nph_redcap_forms,2024-05-28
snsc_mb_e_relation,nph_redcap_forms,2024-05-28
snsc_ng_who_a1,nph_redcap_forms,2024-05-28
snsc_ng_who_b2,nph_redcap_forms,2024-05-28
snsc_ng_who_c3,nph_redcap_forms,2024-05-28
snsc_ng_who_d4,nph_redcap_forms,2024-05-28
snsc_ng_who_e5,nph_redcap_forms,2024-05-28
mss_standus,nph_redcap_forms,2024-05-28
mss_standcomm,nph_redcap_forms,2024-05-28
mss_score,nph_redcap_forms,2024-05-28
mss_socstatyoung,nph_redcap_forms,2024-05-28
mss_socstatnow,nph_redcap_forms,2024-05-28
geo_curr_hmcity,nph_redcap_forms,2024-05-28
geo_curr_hmstreet,nph_redcap_forms,2024-05-28
geo_curr_wkcity,nph_redcap_forms,2024-05-28
geo_curr_wkcountry,nph_redcap_forms,2024-05-28
geo_curr_wkstate,nph_redcap_forms,2024-05-28
geo_curr_wkstreet,nph_redcap_forms,2024-05-28
geo_curr_wkzipcode,nph_redcap_forms,2024-05-28
geo_prev_hmcity,nph_redcap_forms,2024-05-28
geo_prev_hmcountry,nph_redcap_forms,2024-05-28
geo_prev_hmstate,nph_redcap_forms,2024-05-28
geo_prev_hmstreet,nph_redcap_forms,2024-05-28
geo_prev_hmzipcode,nph_redcap_forms,2024-05-28
hc_num_tot,nph_redcap_forms,2024-05-28
hc_num_u5,nph_redcap_forms,2024-05-28
hc_num_6to11,nph_redcap_forms,2024-05-28
hc_num_12to17,nph_redcap_forms,2024-05-28
hc_num_18to64,nph_redcap_forms,2024-05-28
hc_num_o65,nph_redcap_forms,2024-05-28
hc_num_sppt,nph_redcap_forms,2024-05-28
hc_shop_who,nph_redcap_forms,2024-05-28
hi_shop_othwho,nph_redcap_forms,2024-05-28
hc_meals_who,nph_redcap_forms,2024-05-28
hi_meals_othwho,nph_redcap_forms,2024-05-28
ds_youngerdetails,nph_redcap_forms,2024-05-28
ds_nowdetails,nph_redcap_forms,2024-05-28
asa24_again_exp,nph_redcap_forms,2024-05-28
asa24_like_least,nph_redcap_forms,2024-05-28
asa24_easier,nph_redcap_forms,2024-05-28
aim_again_det,nph_redcap_forms,2024-05-28
aim_liked_most_det,nph_redcap_forms,2024-05-28
aim_liked_least_det,nph_redcap_forms,2024-05-28
aim_make_easier_det,nph_redcap_forms,2024-05-28
daq_rk_most_exp,nph_redcap_forms,2024-05-28
daq_mtd_comments,nph_redcap_forms,2024-05-28
daq_pic_fd_rsn,nph_redcap_forms,2024-05-28
daq_app_name,nph_redcap_forms,2024-05-28
daq_app_elaborate,nph_redcap_forms,2024-05-28
daq_diff_fd_des,nph_redcap_forms,2024-05-28
daq_normfoodsdesc,nph_redcap_forms,2024-05-28
mfr_again_det,nph_redcap_forms,2024-05-28
mfr_likedmost_det,nph_redcap_forms,2024-05-28
mfr_likedleast_det,nph_redcap_forms,2024-05-28
mfr_make_easier_det,nph_redcap_forms,2024-05-28
profile_site_pairing,nph_redcap_forms,2024-05-28
whq_feel_wtyounger,nph_redcap_forms,2024-05-28
whq_feel_wtnow,nph_redcap_forms,2024-05-28
snsc_sc_facebook_yn,nph_instruments,2024-05-28
snsc_sc_facebook_num,nph_instruments,2024-05-28
snsc_sc_instagram_yn,nph_instruments,2024-05-28
snsc_sc_instagram_num,nph_instruments,2024-05-28
snsc_sc_twitter_yn,nph_instruments,2024-05-28
snsc_sc_twitter_num,nph_instruments,2024-05-28
snsc_mb_a_age,nph_instruments,2024-05-28
snsc_mb_b_age,nph_instruments,2024-05-28
snsc_mb_c_age,nph_instruments,2024-05-28
snsc_mb_d_age,nph_instruments,2024-05-28
snsc_mb_e_age,nph_instruments,2024-05-28
snsc_mb_a_live,nph_instruments,2024-05-28
snsc_mb_b_live,nph_instruments,2024-05-28
snsc_mb_c_live,nph_instruments,2024-05-28
snsc_mb_d_live,nph_instruments,2024-05-28
snsc_mb_e_live,nph_instruments,2024-05-28
snsc_mb_a_talk,nph_instruments,2024-05-28
snsc_mb_b_talk,nph_instruments,2024-05-28
snsc_mb_c_talk,nph_instruments,2024-05-28
snsc_mb_d_talk,nph_instruments,2024-05-28
snsc_mb_e_talk,nph_instruments,2024-05-28
snsc_mb_healthy1,nph_instruments,2024-05-28
snsc_mb_healthy2,nph_instruments,2024-05-28
snsc_mb_healthy3,nph_instruments,2024-05-28
snsc_mb_healthy4,nph_instruments,2024-05-28
snsc_mb_healthy5,nph_instruments,2024-05-28
snsc_mb_most1,nph_instruments,2024-05-28
snsc_mb_most2,nph_instruments,2024-05-28
snsc_mb_most3,nph_instruments,2024-05-28
snsc_mb_most4,nph_instruments,2024-05-28
snsc_mb_most5,nph_instruments,2024-05-28
snsc_ns_a1_b2,nph_instruments,2024-05-28
snsc_ns_a1_c3,nph_instruments,2024-05-28
snsc_ns_a1_d4,nph_instruments,2024-05-28
snsc_ns_a1_e5,nph_instruments,2024-05-28
snsc_ns_b2_c3,nph_instruments,2024-05-28
snsc_ns_b2_d4,nph_instruments,2024-05-28
snsc_ns_b2_e5,nph_instruments,2024-05-28
snsc_ns_c3_d4,nph_instruments,2024-05-28
snsc_ns_c3_e5,nph_instruments,2024-05-28
snsc_ns_d4_e5,nph_instruments,2024-05-28
snsc_mb_a_gender,nph_instruments,2024-05-28
snsc_mb_b_gender,nph_instruments,2024-05-28
snsc_mb_c_gender,nph_instruments,2024-05-28
snsc_mb_d_gender,nph_instruments,2024-05-28
snsc_mb_e_gender,nph_instruments,2024-05-28
snsc_mb_a_relationsp,nph_instruments,2024-05-28
snsc_mb_b_relationsp,nph_instruments,2024-05-28
snsc_mb_c_relationsp,nph_instruments,2024-05-28
snsc_mb_d_relationsp,nph_instruments,2024-05-28
snsc_mb_e_relationsp,nph_instruments,2024-05-28
snsc_sc_instagram_num_accts,nph_instruments,2024-05-28
snsc_sc_twitter_num_accts,nph_instruments,2024-05-28
snsc_mb_a_relation,nph_instruments,2024-05-28
snsc_mb_b_relation,nph_instruments,2024-05-28
snsc_mb_c_relation,nph_instruments,2024-05-28
snsc_mb_d_relation,nph_instruments,2024-05-28
snsc_mb_e_relation,nph_instruments,2024-05-28
snsc_ng_who_a1,nph_instruments,2024-05-28
snsc_ng_who_b2,nph_instruments,2024-05-28
snsc_ng_who_c3,nph_instruments,2024-05-28
snsc_ng_who_d4,nph_instruments,2024-05-28
snsc_ng_who_e5,nph_instruments,2024-05-28
mss_standus,nph_instruments,2024-05-28
mss_standcomm,nph_instruments,2024-05-28
mss_score,nph_instruments,2024-05-28
mss_socstatyoung,nph_instruments,2024-05-28
mss_socstatnow,nph_instruments,2024-05-28
geo_curr_hmcity,nph_instruments,2024-05-28
geo_curr_hmstreet,nph_instruments,2024-05-28
geo_curr_wkcity,nph_instruments,2024-05-28
geo_curr_wkcountry,nph_instruments,2024-05-28
geo_curr_wkstate,nph_instruments,2024-05-28
geo_curr_wkstreet,nph_instruments,2024-05-28
geo_curr_wkzipcode,nph_instruments,2024-05-28
geo_prev_hmcity,nph_instruments,2024-05-28
geo_prev_hmcountry,nph_instruments,2024-05-28
geo_prev_hmstate,nph_instruments,2024-05-28
geo_prev_hmstreet,nph_instruments,2024-05-28
geo_prev_hmzipcode,nph_instruments,2024-05-28
hc_num_tot,nph_instruments,2024-05-28
hc_num_u5,nph_instruments,2024-05-28
hc_num_6to11,nph_instruments,2024-05-28
hc_num_12to17,nph_instruments,2024-05-28
hc_num_18to64,nph_instruments,2024-05-28
hc_num_o65,nph_instruments,2024-05-28
hc_num_sppt,nph_instruments,2024-05-28
hc_shop_who,nph_instruments,2024-05-28
hi_shop_othwho,nph_instruments,2024-05-28
hc_meals_who,nph_instruments,2024-05-28
hi_meals_othwho,nph_instruments,2024-05-28
ds_youngerdetails,nph_instruments,2024-05-28
ds_nowdetails,nph_instruments,2024-05-28
asa24_again_exp,nph_instruments,2024-05-28
asa24_like_least,nph_instruments,2024-05-28
asa24_easier,nph_instruments,2024-05-28
aim_again_det,nph_instruments,2024-05-28
aim_liked_most_det,nph_instruments,2024-05-28
aim_liked_least_det,nph_instruments,2024-05-28
aim_make_easier_det,nph_instruments,2024-05-28
daq_rk_most_exp,nph_instruments,2024-05-28
daq_mtd_comments,nph_instruments,2024-05-28
daq_pic_fd_rsn,nph_instruments,2024-05-28
daq_app_name,nph_instruments,2024-05-28
daq_app_elaborate,nph_instruments,2024-05-28
daq_diff_fd_des,nph_instruments,2024-05-28
daq_normfoodsdesc,nph_instruments,2024-05-28
mfr_again_det,nph_instruments,2024-05-28
mfr_likedmost_det,nph_instruments,2024-05-28
mfr_likedleast_det,nph_instruments,2024-05-28
mfr_make_easier_det,nph_instruments,2024-05-28
profile_site_pairing,nph_instruments,2024-05-28
whq_feel_wtyounger,nph_instruments,2024-05-28
whq_feel_wtnow,nph_instruments,2024-05-28
whc_wcm_rsn_othr,nph_instruments,2024-05-28
lmt_bsc_comments,nph_instruments,2024-05-28
mmtt_acet_flvr_othr,nph_instruments,2024-05-28
polar_reason_other,nph_instruments,2024-05-28
pair_reason_other,nph_instruments,2024-05-28
poloar_acti_reason_other,nph_instruments,2024-05-28
actigraph_reason_other,nph_instruments,2024-05-28
polar_actilife_file,nph_instruments,2024-05-28
reason_filenotdown_other,nph_instruments,2024-05-28
file_transfer_reason_other,nph_instruments,2024-05-28
device_notcollected_other,nph_instruments,2024-05-28
polar_comments,nph_instruments,2024-05-28
agt_sftp_nooth,nph_instruments,2024-05-28
rir_t1diabetes_oth,nph_instruments,2024-05-28
rir_t2diabetes_oth,nph_instruments,2024-05-28
rir_otherinfo,nph_instruments,2024-05-28
finstatrsn_other,nph_instruments,2024-05-28
aim_refusal_rsn_oth,nph_instruments,2024-05-28
aim_devreturned_rsn_oth,nph_instruments,2024-05-28
aim_comments,nph_instruments,2024-05-28
cgm_dev_not_given_othrs,nph_instruments,2024-05-28
cgm_dev_not_rternd_othrs,nph_instruments,2024-05-28
gs_ptc_mod_rsn_oths_2,nph_instruments,2024-05-28
hgt_ptc_mod_rsn_oth,nph_instruments,2024-05-28
mfr_dev_not_comp_othrs,nph_instruments,2024-05-28
pd_type_other,nph_instruments,2024-05-28
pd_reason_other,nph_instruments,2024-05-28
pd_safety_explain,nph_instruments,2024-05-28
wt_modprotwt_rsnothr,nph_instruments,2024-05-28
pd_details,nph_instruments,2024-05-28
aim_shipped_dt,nph_instruments,2024-05-28
