concept_id,concept_code,privacy_rule,vocabulary_id,date_added
8515,2,"demographics (race/ethnicity, gender)",race,2024-03-12
8516,3,"demographics (race/ethnicity, gender)",race,2024-03-12
8527,5,"demographics (race/ethnicity, gender)",race,2024-03-12
8905,26,military_operations,cms place of service,2024-03-12
19225,T74.91,assault/homicide,icd10cm,2024-03-12
19246,T76.22,assault/homicide,icd10cm,2024-03-12
19248,T76.32,assault/homicide,icd10cm,2024-03-12
72434,82062003,perinatal,snomed,2024-03-12
75605,14022007,death cause,snomed,2024-03-12
136530,206539008,perinatal,snomed,2024-03-12
137974,655007,liveborn_infants,snomed,2024-03-12
140526,4184009,perinatal,snomed,2024-03-12
192379,111431001,perinatal,snomed,2024-03-12
193254,25658005,perinatal,snomed,2024-03-12
193532,198705001,perinatal,snomed,2024-03-12
195595,4576001,legal_intervention,snomed,2024-03-12
196754,198718009,perinatal,snomed,2024-03-12
197333,27169005,perinatal,snomed,2024-03-12
255084,78895009,perinatal,snomed,2024-03-12
312723,13213009,perinatal,snomed,2024-03-12
314478,22271007,liveborn_infants,snomed,2024-03-12
380513,79410001,perinatal,snomed,2024-03-12
432373,199307003,death cause,snomed,2024-03-12
432430,46906003,perinatal,snomed,2024-03-12
432441,366323009,perinatal,snomed,2024-03-12
432534,269716005,motor vehicle accident,snomed,2024-03-12
432810,219356008,suicide,snomed,2024-03-12
433107,219340003,suicide,snomed,2024-03-12
433374,242397005,motor vehicle accident,snomed,2024-03-12
433823,40609001,perinatal,snomed,2024-03-12
433864,64920003,perinatal,snomed,2024-03-12
433869,1857005,perinatal,snomed,2024-03-12
434095,198709007,perinatal,snomed,2024-03-12
434153,74345006,gender/sex,snomed,2024-03-12
434156,63565007,perinatal,snomed,2024-03-12
434489,419099009,death cause,snomed,2024-03-12
434705,198707009,perinatal,snomed,2024-03-12
434849,287184008,suicide,snomed,2024-03-12
435017,198722004,perinatal,snomed,2024-03-12
435131,95930005,assault/homicide,snomed,2024-03-12
435151,371779005,assault/homicide,snomed,2024-03-12
435155,219334005,military_operations,snomed,2024-03-12
435155,219334005,suicide,snomed,2024-03-12
435443,17886000,motor vehicle accident,snomed,2024-03-12
435640,72544005,perinatal,snomed,2024-03-12
435868,267193004,perinatal,snomed,2024-03-12
435937,51178009,death cause,snomed,2024-03-12
436001,371774000,assault/homicide,snomed,2024-03-12
436169,74978008,legal_intervention,snomed,2024-03-12
436292,217897003,motor vehicle accident,snomed,2024-03-12
436313,102458000,assault/homicide,snomed,2024-03-12
436532,59527008,perinatal,snomed,2024-03-12
436589,217115005,suffocation,snomed,2024-03-12
436605,287186005,suicide,snomed,2024-03-12
436666,56627002,"demographics (race/ethnicity, gender)",snomed,2024-03-12
436666,56627002,gender/sex,snomed,2024-03-12
436747,34500003,perinatal,snomed,2024-03-12
436874,217935007,motor vehicle accident,snomed,2024-03-12
436878,219359001,suicide,snomed,2024-03-12
436892,219358009,suicide,snomed,2024-03-12
437167,218081007,military_operations,snomed,2024-03-12
437449,397940009,assault/homicide,snomed,2024-03-12
437460,95922009,assault/homicide,snomed,2024-03-12
437748,309535002,motor vehicle accident,snomed,2024-03-12
438043,225824003,assault/homicide,snomed,2024-03-12
438196,198719001,perinatal,snomed,2024-03-12
438542,313178001,perinatal,snomed,2024-03-12
438943,225826001,assault/homicide,snomed,2024-03-12
439235,276853009,military_operations,snomed,2024-03-12
439236,219335006,suicide,snomed,2024-03-12
439325,198743003,legal_intervention,snomed,2024-03-12
439327,198724003,perinatal,snomed,2024-03-12
439391,371778002,assault/homicide,snomed,2024-03-12
439395,371775004,assault/homicide,snomed,2024-03-12
439397,371704001,terrorism,snomed,2024-03-12
439615,217150002,motor vehicle accident,snomed,2024-03-12
439701,191787001,"demographics (race/ethnicity, gender)",snomed,2024-03-12
439788,190745006,perinatal,snomed,2024-03-12
439922,313179009,perinatal,snomed,2024-03-12
440068,268637002,gender/sex,snomed,2024-03-12
440167,53443007,liveborn_infants,snomed,2024-03-12
440314,219336007,suicide,snomed,2024-03-12
440453,198706000,perinatal,snomed,2024-03-12
440577,78523004,terrorism,snomed,2024-03-12
440615,71677004,military_operations,snomed,2024-03-12
441073,267194005,perinatal,snomed,2024-03-12
441128,79995002,perinatal,snomed,2024-03-12
441139,50514002,death cause,snomed,2024-03-12
441349,48433002,perinatal,snomed,2024-03-12
441364,80113008,assault/homicide,snomed,2024-03-12
441481,406137001,assault/homicide,snomed,2024-03-12
441647,429187001,death cause,snomed,2024-03-12
441678,78395001,perinatal,snomed,2024-03-12
441911,198720007,perinatal,snomed,2024-03-12
441915,7802000,perinatal,snomed,2024-03-12
442289,53559009,death cause,snomed,2024-03-12
442596,61752008,legal_intervention,snomed,2024-03-12
442605,6476001,death cause,snomed,2024-03-12
442985,248153007,"demographics (race/ethnicity, gender)",snomed,2024-03-12
442986,248152002,"demographics (race/ethnicity, gender)",snomed,2024-03-12
443080,213017001,assault/homicide,snomed,2024-03-12
443256,276849007,assault/homicide,snomed,2024-03-12
443271,274912004,suicide,snomed,2024-03-12
443278,287181000,suicide,snomed,2024-03-12
443279,287185009,suicide,snomed,2024-03-12
443549,419916003,assault/homicide,snomed,2024-03-12
443584,418362005,death cause,snomed,2024-03-12
443705,18684002,legal_intervention,snomed,2024-03-12
443882,15355001,death cause,snomed,2024-03-12
444048,38784004,legal_intervention,snomed,2024-03-12
444094,118185001,perinatal,snomed,2024-03-12
444267,84132007,perinatal,snomed,2024-03-12
444377,86095007,perinatal,snomed,2024-03-12
444417,45139008,perinatal,snomed,2024-03-12
600520,1004019008,perinatal,snomed,2024-03-12
600527,1004026008,perinatal,snomed,2024-03-12
600552,1010282001,perinatal,snomed,2024-03-12
600767,8521000175109,death cause,snomed,2024-03-12
602337,12399371000119105,assault/homicide,snomed,2024-03-12
602338,12399411000119106,assault/homicide,snomed,2024-03-12
605035,1010286003,perinatal,snomed,2024-03-12
725454,P91.821,perinatal,icd10cm,2024-03-12
725455,P91.822,perinatal,icd10cm,2024-03-12
725457,P91.829,perinatal,icd10cm,2024-03-12
725641,V00.841A,motor vehicle accident,icd10cm,2024-03-12
725642,V00.841D,motor vehicle accident,icd10cm,2024-03-12
725649,V00.848A,motor vehicle accident,icd10cm,2024-03-12
760973,125161000119103,military_operations,snomed,2024-03-12
762055,288331000119108,assault/homicide,snomed,2024-03-12
762058,288401000119109,assault/homicide,snomed,2024-03-12
762124,29221000119106,assault/homicide,snomed,2024-03-12
762999,434771000124107,location,snomed,2024-03-12
764548,456471000124108,death cause,snomed,2024-03-12
765389,288381000119109,assault/homicide,snomed,2024-03-12
765761,446141000124107,"demographics (race/ethnicity, gender)",snomed,2024-03-12
766415,P00.82,perinatal,icd10cm,2024-03-12
766421,P09.6,perinatal,icd10cm,2024-03-12
766422,P09.8,perinatal,icd10cm,2024-03-12
766505,Y35.899A,legal_intervention,icd10cm,2024-03-12
903513,Reconsent_Signature,explicitidentifiersuppression,ppi,2024-03-12
903562,ResultsConsent_Signature,explicitidentifiersuppression,ppi,2024-03-12
1001698,93374-7,death cause,loinc,2024-03-12
1332916,cope_a_104,living_situation,ppi,2024-03-12
1333140,cope_a_109,active_duty_military_status,ppi,2024-03-12
1553974,Y35.049A,legal_intervention,icd10cm,2024-03-12
1554018,Y35.399A,legal_intervention,icd10cm,2024-03-12
1554034,Y35.819A,legal_intervention,icd10cm,2024-03-12
1554039,Y35.831A,legal_intervention,icd10cm,2024-03-12
1554047,Y35.833A,legal_intervention,icd10cm,2024-03-12
1554051,Y35.839A,legal_intervention,icd10cm,2024-03-12
1554055,Y35.99XA,legal_intervention,icd10cm,2024-03-12
1568253,F64,"demographics (race/ethnicity, gender)",icd10cm,2024-03-12
1575155,T74.1,assault/homicide,icd10cm,2024-03-12
1575156,T74.2,assault/homicide,icd10cm,2024-03-12
1575158,T74.9,assault/homicide,icd10cm,2024-03-12
1575165,T76.1,assault/homicide,icd10cm,2024-03-12
1575166,T76.2,assault/homicide,icd10cm,2024-03-12
1576139,Z62.81,assault/homicide,icd10cm,2024-03-12
1585395,HealthInsuranceType_Military,active_duty_military_status,ppi,2024-03-12
1585403,CurrentLiving_CollegeCamp,living_situation,ppi,2024-03-12
1585404,CurrentLiving_Friend,living_situation,ppi,2024-03-12
1585405,CurrentLiving_Family,living_situation,ppi,2024-03-12
1585406,CurrentLiving_MotelHotel,living_situation,ppi,2024-03-12
1585407,CurrentLiving_TemporaryInstitute,living_situation,ppi,2024-03-12
1585853,AvtiveDutyServeStatus_Yes,active duty military status,ppi,2024-03-12
1585854,AvtiveDutyServeStatus_No,active duty military status,ppi,2024-03-12
1585874,CurrentLiving_ResidentialFacility,living_situation,ppi,2024-03-12
1585875,CurrentLiving_Transitional,living_situation,ppi,2024-03-12
1585876,CurrentLiving_Shelter,living_situation,ppi,2024-03-12
1585877,CurrentLiving_Outside,living_situation,ppi,2024-03-12
1585898,CurrentMaritalStatus_LivingWithPartner,living_situation,ppi,2024-03-12
1595725,T74.51XS,assault/homicide,icd10cm,2024-03-12
1595780,Z04.81,assault/homicide,icd10cm,2024-03-12
1595794,Z62.813,assault/homicide,icd10cm,2024-03-12
1595798,Z91.42,assault/homicide,icd10cm,2024-03-12
2007107,89.8,death cause,icd9proc,2024-03-12
2102032,1157F,legal_intervention,cpt4,2024-03-12
2106303,3085F,death cause,cpt4,2024-03-12
2213196,88000,death cause,cpt4,2024-03-12
2213197,88005,death cause,cpt4,2024-03-12
2213202,88020,death cause,cpt4,2024-03-12
2213203,88025,death cause,cpt4,2024-03-12
2213208,88037,death cause,cpt4,2024-03-12
2314106,95824,death cause,cpt4,2024-03-12
2721594,S9989,location,hcpcs,2024-03-12
2721666,T2007,motor vehicle accident,hcpcs,2024-03-12
3019523,11351-4,sexual_orientation,loinc,2024-03-12
3026373,18743-5,death cause,loinc,2024-03-12
3026646,21838-8,"demographics (race/ethnicity, gender)",loinc,2024-03-12
3038482,52531-1,location,loinc,2024-03-12
3041797,52532-9,location,loinc,2024-03-12
3046965,46098-0,"demographics (race/ethnicity, gender)",loinc,2024-03-12
3046965,46098-0,gender/sex,loinc,2024-03-12
3050381,46463-6,"demographics (race/ethnicity, gender)",loinc,2024-03-12
3051581,54133-4,"demographics (race/ethnicity, gender)",loinc,2024-03-12
3052558,46499-0,location,loinc,2024-03-12
3212942,185984009,"demographics (race/ethnicity, gender)",nebraska lexicon,2024-03-12
3656374,25711000087100,location,snomed,2024-03-12
3656378,25771000087107,location,snomed,2024-03-12
4002575,10029008,death cause,snomed,2024-03-12
4009631,111332007,gender/sex,snomed,2024-03-12
4012613,113173007,location,snomed,2024-03-12
4014465,169886007,perinatal,snomed,2024-03-12
4020158,213015009,assault/homicide,snomed,2024-03-12
4021192,225337009,death cause,snomed,2024-03-12
4021520,225728007,location,snomed,2024-03-12
4022081,105530003,location,snomed,2024-03-12
4022124,225820007,assault/homicide,snomed,2024-03-12
4022125,225823009,assault/homicide,snomed,2024-03-12
4026163,225818009,assault/homicide,snomed,2024-03-12
4026163,225818009,terrorism,snomed,2024-03-12
4026164,225825002,assault/homicide,snomed,2024-03-12
4028786,237363008,death cause,snomed,2024-03-12
4032248,108259003,death cause,snomed,2024-03-12
4035165,15086000,"demographics (race/ethnicity, gender)",snomed,2024-03-12
4041280,118213005,liveborn_infants,snomed,2024-03-12
4041280,118213005,perinatal,snomed,2024-03-12
4041991,118199002,sexual_orientation,snomed,2024-03-12
4045163,12247004,motor vehicle accident,snomed,2024-03-12
4048144,206266009,liveborn_infants,snomed,2024-03-12
4048592,206372007,perinatal,snomed,2024-03-12
4048809,230802007,death cause,snomed,2024-03-12
4051266,160471004,death cause,snomed,2024-03-12
4051267,160473001,death cause,snomed,2024-03-12
4053113,160877008,assault/homicide,snomed,2024-03-12
4053381,160333008,death cause,snomed,2024-03-12
4053381,160333008,suicide,snomed,2024-03-12
4054939,243069004,assault/homicide,snomed,2024-03-12
4055396,242693000,motor vehicle accident,snomed,2024-03-12
4058280,161472001,assault/homicide,snomed,2024-03-12
4059334,161580006,perinatal,snomed,2024-03-12
4059480,161743003,death cause,snomed,2024-03-12
4060206,161811009,perinatal,snomed,2024-03-12
4060206,161811009,death cause,snomed,2024-03-12
4060241,169582001,death cause,snomed,2024-03-12
4060296,199112006,perinatal,snomed,2024-03-12
4060424,199257008,perinatal,snomed,2024-03-12
4060687,199607009,death cause,snomed,2024-03-12
4060687,199607009,liveborn_infants,snomed,2024-03-12
4061268,16983000,death cause,snomed,2024-03-12
4061289,17044007,assault/homicide,snomed,2024-03-12
4061426,169578003,perinatal,snomed,2024-03-12
4061738,20078004,location,snomed,2024-03-12
4062254,200155004,death cause,snomed,2024-03-12
4062790,199294004,perinatal,snomed,2024-03-12
4063309,199608004,death cause,snomed,2024-03-12
4066378,200724002,perinatal,snomed,2024-03-12
4071162,21753002,motor vehicle accident,snomed,2024-03-12
4071610,206283000,perinatal,snomed,2024-03-12
4074047,219221007,assault/homicide,snomed,2024-03-12
4074169,219365001,suffocation,snomed,2024-03-12
4075234,225049000,suicide,snomed,2024-03-12
4075529,224680000,location,snomed,2024-03-12
4075631,224709006,location,snomed,2024-03-12
4075635,223686002,location,snomed,2024-03-12
4075636,223687006,location,snomed,2024-03-12
4075638,223694009,location,snomed,2024-03-12
4076658,225048008,suicide,snomed,2024-03-12
4079844,276507005,suffocation,snomed,2024-03-12
4079844,276507005,death cause,snomed,2024-03-12
4079968,276639007,perinatal,snomed,2024-03-12
4081426,183928007,location,snomed,2024-03-12
4082921,278067008,perinatal,snomed,2024-03-12
4083591,184102003,location,snomed,2024-03-12
4083743,184305005,death cause,snomed,2024-03-12
4087925,186034007,"demographics (race/ethnicity, gender)",snomed,2024-03-12
4089069,249053001,perinatal,snomed,2024-03-12
4090129,281255004,suffocation,snomed,2024-03-12
4092095,247650009,death cause,snomed,2024-03-12
4105261,281575007,military_operations,snomed,2024-03-12
4105393,257564005,location,snomed,2024-03-12
4107655,284465006,assault/homicide,snomed,2024-03-12
4110772,285116001,"demographics (race/ethnicity, gender)",snomed,2024-03-12
4111063,285093007,location,snomed,2024-03-12
4111660,284453007,location,snomed,2024-03-12
4113010,284555002,location,snomed,2024-03-12
4113020,284607007,assault/homicide,snomed,2024-03-12
4119716,257557008,location,snomed,2024-03-12
4119859,257656006,location,snomed,2024-03-12
4121313,302768007,military_operations,snomed,2024-03-12
4121550,257418003,motor vehicle accident,snomed,2024-03-12
4121719,257641002,location,snomed,2024-03-12
4126257,289205009,perinatal,snomed,2024-03-12
4129155,289530006,perinatal,snomed,2024-03-12
4129846,237361005,suffocation,snomed,2024-03-12
4129846,237361005,death cause,snomed,2024-03-12
4132087,127335003,perinatal,snomed,2024-03-12
4132309,26636000,death cause,snomed,2024-03-12
4133009,127277000,perinatal,snomed,2024-03-12
4135806,31637002,"demographics (race/ethnicity, gender)",snomed,2024-03-12
4140071,33010005,perinatal,snomed,2024-03-12
4145947,267258002,perinatal,snomed,2024-03-12
4147109,309985003,location,snomed,2024-03-12
4147554,310207003,location,snomed,2024-03-12
4149398,268854008,perinatal,snomed,2024-03-12
4149451,310530008,perinatal,snomed,2024-03-12
4150851,311465003,assault/homicide,snomed,2024-03-12
4151405,269795008,suffocation,snomed,2024-03-12
4153697,283545005,assault/homicide,snomed,2024-03-12
4154726,284176003,location,snomed,2024-03-12
4156363,272379006,military_operations,snomed,2024-03-12
4159152,371121002,perinatal,snomed,2024-03-12
4160280,430283008,death cause,snomed,2024-03-12
4160622,371772001,assault/homicide,snomed,2024-03-12
4161447,371773006,assault/homicide,snomed,2024-03-12
4161694,398070004,location,snomed,2024-03-12
4162299,29240004,death cause,snomed,2024-03-12
4163494,291838005,assault/homicide,snomed,2024-03-12
4164912,45618002,location,snomed,2024-03-12
4166164,293206002,gender/sex,snomed,2024-03-12
4167918,275359008,perinatal,snomed,2024-03-12
4168974,420008001,location,snomed,2024-03-12
4169278,418189009,assault/homicide,snomed,2024-03-12
4171711,42085001,assault/homicide,snomed,2024-03-12
4172624,50084004,assault/homicide,snomed,2024-03-12
4173334,276660001,perinatal,snomed,2024-03-12
4177669,49588008,military_operations,snomed,2024-03-12
4177807,49713007,death cause,snomed,2024-03-12
4182566,429746005,assault/homicide,snomed,2024-03-12
4193573,313217007,assault/homicide,snomed,2024-03-12
4195901,79993009,location,snomed,2024-03-12
4197467,313214000,assault/homicide,snomed,2024-03-12
4197468,313216003,assault/homicide,snomed,2024-03-12
4199872,301705009,military_operations,snomed,2024-03-12
4201937,315280000,"demographics (race/ethnicity, gender)",snomed,2024-03-12
4202389,318784009,military_operations,snomed,2024-03-12
4208350,313070006,assault/homicide,snomed,2024-03-12
4208970,313215004,assault/homicide,snomed,2024-03-12
4210607,56417000,death cause,snomed,2024-03-12
4210749,56890008,assault/homicide,snomed,2024-03-12
4213182,80522000,location,snomed,2024-03-12
4214582,394685004,death cause,snomed,2024-03-12
4214687,394743007,"demographics (race/ethnicity, gender)",snomed,2024-03-12
4214956,417662000,liveborn_infants,snomed,2024-03-12
4215271,394744001,"demographics (race/ethnicity, gender)",snomed,2024-03-12
4215475,71783008,motor vehicle accident,snomed,2024-03-12
4216115,41501003,death cause,snomed,2024-03-12
4217564,395507008,perinatal,snomed,2024-03-12
4218813,41587001,perinatal,snomed,2024-03-12
4219491,72598009,death cause,snomed,2024-03-12
4220022,398033008,death cause,snomed,2024-03-12
4220533,82823006,death cause,snomed,2024-03-12
4228490,405769009,gender/sex,snomed,2024-03-12
4229439,888003,perinatal,snomed,2024-03-12
4230638,88817006,suicide,snomed,2024-03-12
4235695,406138006,assault/homicide,snomed,2024-03-12
4236049,360875003,location,snomed,2024-03-12
4236321,90774003,assault/homicide,snomed,2024-03-12
4239065,91576008,perinatal,snomed,2024-03-12
4239435,363901006,gender/sex,snomed,2024-03-12
4239435,363901006,sexual_orientation,snomed,2024-03-12
4241830,59291004,death cause,snomed,2024-03-12
4251491,73893000,perinatal,snomed,2024-03-12
4263727,46160005,motor vehicle accident,snomed,2024-03-12
4264823,364587008,perinatal,snomed,2024-03-12
4265167,399753006,death cause,snomed,2024-03-12
4267373,365508006,location,snomed,2024-03-12
4268837,365956009,gender/sex,snomed,2024-03-12
4268837,365956009,sexual_orientation,snomed,2024-03-12
4268912,62480006,location,snomed,2024-03-12
4269424,364617005,perinatal,snomed,2024-03-12
4271764,364703007,military_operations,snomed,2024-03-12
4274420,365474007,military_operations,snomed,2024-03-12
4278848,66190008,assault/homicide,snomed,2024-03-12
4279142,65367001,operations_of_war,snomed,2024-03-12
4279142,65367001,assault/homicide,snomed,2024-03-12
4279142,65367001,terrorism,snomed,2024-03-12
4279451,66280005,location,snomed,2024-03-12
4279614,66466001,suffocation,snomed,2024-03-12
4283657,66621004,gender/sex,snomed,2024-03-12
4283657,66621004,sexual_orientation,snomed,2024-03-12
4296024,76799001,perinatal,snomed,2024-03-12
4297375,386702006,assault/homicide,snomed,2024-03-12
4299535,77386006,liveborn_infants,snomed,2024-03-12
4300517,78077007,assault/homicide,snomed,2024-03-12
4302066,418506006,assault/homicide,snomed,2024-03-12
4305831,418715001,assault/homicide,snomed,2024-03-12
4306655,419620001,assault/homicide,snomed,2024-03-12
4306655,419620001,suffocation,snomed,2024-03-12
4306655,419620001,death cause,snomed,2024-03-12
4306655,419620001,suicide,snomed,2024-03-12
4309752,216343002,location,snomed,2024-03-12
4309756,216356009,location,snomed,2024-03-12
4309757,216359002,location,snomed,2024-03-12
4309760,216382000,location,snomed,2024-03-12
4310061,216403008,location,snomed,2024-03-12
4310064,216417004,location,snomed,2024-03-12
4310775,217116006,suffocation,snomed,2024-03-12
4310928,216323008,location,snomed,2024-03-12
4310930,216329007,location,snomed,2024-03-12
4311062,216362004,location,snomed,2024-03-12
4311069,216392008,location,snomed,2024-03-12
4311070,216398007,location,snomed,2024-03-12
4311072,216404002,location,snomed,2024-03-12
4311076,216418009,location,snomed,2024-03-12
4311078,216424003,location,snomed,2024-03-12
4311213,216450004,location,snomed,2024-03-12
4312316,217118007,suffocation,snomed,2024-03-12
4312840,216330002,location,snomed,2024-03-12
4312841,216331003,location,snomed,2024-03-12
4312843,216340004,location,snomed,2024-03-12
4312846,216355008,location,snomed,2024-03-12
4312966,216391001,location,snomed,2024-03-12
4312969,216409007,location,snomed,2024-03-12
4312970,216420007,location,snomed,2024-03-12
4312972,216427005,location,snomed,2024-03-12
4312974,216429008,location,snomed,2024-03-12
4312978,216437000,location,snomed,2024-03-12
4312979,216445005,location,snomed,2024-03-12
4314870,216312009,motor vehicle accident,snomed,2024-03-12
4314873,216315006,location,snomed,2024-03-12
4314989,216333000,location,snomed,2024-03-12
4314991,216339001,location,snomed,2024-03-12
4314998,216357000,location,snomed,2024-03-12
4314999,216358005,location,snomed,2024-03-12
4315001,216366001,location,snomed,2024-03-12
4315006,216378002,location,snomed,2024-03-12
4315007,216383005,location,snomed,2024-03-12
4315085,216386002,location,snomed,2024-03-12
4315088,216395005,location,snomed,2024-03-12
4315095,216416008,location,snomed,2024-03-12
4315096,216423009,location,snomed,2024-03-12
4315099,216438005,location,snomed,2024-03-12
4315100,216440000,location,snomed,2024-03-12
4316720,217120005,suffocation,snomed,2024-03-12
4316721,217121009,suffocation,snomed,2024-03-12
4317150,95281009,death cause,snomed,2024-03-12
4318126,95921002,assault/homicide,snomed,2024-03-12
4319155,95877004,operations_of_war,snomed,2024-03-12
4319561,21987001,liveborn_infants,snomed,2024-03-12
4320042,95934001,assault/homicide,snomed,2024-03-12
4320813,95821001,perinatal,snomed,2024-03-12
4323285,70591005,perinatal,snomed,2024-03-12
4326265,75148009,military_operations,snomed,2024-03-12
4326589,75164001,gender/sex,snomed,2024-03-12
4328757,223668000,location,snomed,2024-03-12
4329097,431268006,perinatal,snomed,2024-03-12
4330180,224780008,location,snomed,2024-03-12
4330840,224858000,location,snomed,2024-03-12
4331312,22674006,motor vehicle accident,snomed,2024-03-12
4345685,240302002,perinatal,snomed,2024-03-12
21492869,80431-0,location,loinc,2024-03-12
21492871,80433-6,location,loinc,2024-03-12
35225239,Z63.4,death cause,icd10cm,2024-03-12
35225252,Z65.4,assault/homicide,icd10cm,2024-03-12
35225252,Z65.4,terrorism,icd10cm,2024-03-12
35225253,Z65.5,operations_of_war,icd10cm,2024-03-12
35225257,Z70.0,sexual_orientation,icd10cm,2024-03-12
35225258,Z70.1,sexual_orientation,icd10cm,2024-03-12
35225259,Z70.2,sexual_orientation,icd10cm,2024-03-12
35225260,Z70.3,gender/sex,icd10cm,2024-03-12
35625043,768011006,suffocation,snomed,2024-03-12
35625043,768011006,assault/homicide,snomed,2024-03-12
36303203,LA22875-1,sexual_orientation,loinc,2024-03-12
36305281,87721-7,location,loinc,2024-03-12
36305361,87720-9,location,loinc,2024-03-12
36307527,LA22877-7,sexual_orientation,loinc,2024-03-12
36307702,LA22879-3,"demographics (race/ethnicity, gender)",loinc,2024-03-12
36308665,LA22878-5,"demographics (race/ethnicity, gender)",loinc,2024-03-12
36684960,459521000124102,assault/homicide,snomed,2024-03-12
36684961,459531000124104,assault/homicide,snomed,2024-03-12
36684962,459541000124109,assault/homicide,snomed,2024-03-12
36712668,10211000132109,perinatal,snomed,2024-03-12
36712857,134561000119109,death cause,snomed,2024-03-12
36713087,288391000119107,assault/homicide,snomed,2024-03-12
36713088,288411000119107,assault/homicide,snomed,2024-03-12
36715173,720684005,assault/homicide,snomed,2024-03-12
36715279,720824009,assault/homicide,snomed,2024-03-12
36715950,721744003,perinatal,snomed,2024-03-12
36717004,134251000119105,perinatal,snomed,2024-03-12
36717284,288371000119106,assault/homicide,snomed,2024-03-12
37016099,101071000119104,perinatal,snomed,2024-03-12
37016211,15635291000119101,perinatal,snomed,2024-03-12
37016212,15635331000119107,perinatal,snomed,2024-03-12
37016213,15635451000119107,perinatal,snomed,2024-03-12
37016216,15750001000119103,perinatal,snomed,2024-03-12
37016218,15750081000119106,perinatal,snomed,2024-03-12
37016220,15887011000119107,perinatal,snomed,2024-03-12
37017051,713234005,death cause,snomed,2024-03-12
37017129,713346006,terrorism,snomed,2024-03-12
37018683,15635411000119106,perinatal,snomed,2024-03-12
37018684,15887131000119101,perinatal,snomed,2024-03-12
37018896,114961000119106,perinatal,snomed,2024-03-12
37020140,91390-5,assault/homicide,loinc,2024-03-12
37108765,12277711000119108,"demographics (race/ethnicity, gender)",snomed,2024-03-12
37108765,12277711000119108,gender/sex,snomed,2024-03-12
37109041,16216731000119106,death cause,snomed,2024-03-12
37110280,724484007,perinatal,snomed,2024-03-12
37110290,724497009,perinatal,snomed,2024-03-12
37110290,724497009,liveborn_infants,snomed,2024-03-12
37111595,726626004,death cause,snomed,2024-03-12
37117130,12277671000119109,"demographics (race/ethnicity, gender)",snomed,2024-03-12
37118028,726565008,perinatal,snomed,2024-03-12
37202302,Z84.82,death cause,icd10cm,2024-03-12
37204043,787209003,assault/homicide,snomed,2024-03-12
37206226,785867009,perinatal,snomed,2024-03-12
37206227,785868004,perinatal,snomed,2024-03-12
37206229,785870008,perinatal,snomed,2024-03-12
37207733,293611000119101,assault/homicide,snomed,2024-03-12
37395583,288001000119103,military_operations,snomed,2024-03-12
37399733,3161000175102,death cause,snomed,2024-03-12
37402948,P28.30,perinatal,icd10cm,2024-03-12
37402956,P28.43,perinatal,icd10cm,2024-03-12
37402957,P28.49,perinatal,icd10cm,2024-03-12
37403780,Z87.68,perinatal,icd10cm,2024-03-12
40213244,53,military_operations,cvx,2024-03-12
40479849,444557007,assault/homicide,snomed,2024-03-12
40481828,442084003,assault/homicide,snomed,2024-03-12
40482897,445272000,assault/homicide,snomed,2024-03-12
40483663,443846001,location,snomed,2024-03-12
40483738,443913008,assault/homicide,snomed,2024-03-12
40484207,445548006,death cause,snomed,2024-03-12
40485048,444135009,perinatal,snomed,2024-03-12
40491865,447259000,perinatal,snomed,2024-03-12
40611621,61626005,death cause,snomed,2024-03-12
40758409,55280-2,military_operations,loinc,2024-03-12
40759918,56799-0,location,loinc,2024-03-12
40766229,63501-1,location,loinc,2024-03-12
40766239,63512-8,location,loinc,2024-03-12
40771514,68989-3,location,loinc,2024-03-12
40771522,68997-6,location,loinc,2024-03-12
40771985,69490-1,"demographics (race/ethnicity, gender)",loinc,2024-03-12
42538171,739684008,perinatal,snomed,2024-03-12
42539560,762287001,perinatal,snomed,2024-03-12
43020429,149141000119102,assault/homicide,snomed,2024-03-12
43020442,207871000119100,assault/homicide,snomed,2024-03-12
43020449,237451000119100,assault/homicide,snomed,2024-03-12
43020450,237461000119103,assault/homicide,snomed,2024-03-12
43020670,472321009,death cause,snomed,2024-03-12
43021197,472981000,gender/sex,snomed,2024-03-12
43021205,472989003,gender/sex,snomed,2024-03-12
43021802,473453008,assault/homicide,snomed,2024-03-12
43529920,InsuranceTypeUpdate_Military,active_duty_military_status,ppi,2024-03-12
43530894,609429008,perinatal,snomed,2024-03-12
43530907,609446006,perinatal,snomed,2024-03-12
43530908,609447002,perinatal,snomed,2024-03-12
43530910,609450004,perinatal,snomed,2024-03-12
43530911,609451000,perinatal,snomed,2024-03-12
43530939,609485004,perinatal,snomed,2024-03-12
43530945,609491002,perinatal,snomed,2024-03-12
43531705,609428000,perinatal,snomed,2024-03-12
43533176,G8932,death cause,hcpcs,2024-03-12
43533278,G8933,death cause,hcpcs,2024-03-12
44782688,128391000119101,legal_intervention,snomed,2024-03-12
44783184,699241002,military_operations,snomed,2024-03-12
44784256,698301002,assault/homicide,snomed,2024-03-12
44784273,698318003,perinatal,snomed,2024-03-12
44784482,698636009,perinatal,snomed,2024-03-12
44786876,74221-3,location,loinc,2024-03-12
44786929,74286-6,motor vehicle accident,loinc,2024-03-12
44819548,302.6,"demographics (race/ethnicity, gender)",icd9cm,2024-03-12
44819548,302.6,gender/sex,icd9cm,2024-03-12
44819549,302.9,"demographics (race/ethnicity, gender)",icd9cm,2024-03-12
44819549,302.9,gender/sex,icd9cm,2024-03-12
44819872,651.33,death cause,icd9cm,2024-03-12
44820252,995.53,assault/homicide,icd9cm,2024-03-12
44820392,V15.4,assault/homicide,icd9cm,2024-03-12
44821216,761.6,death cause,icd9cm,2024-03-12
44821408,995.80,assault/homicide,icd9cm,2024-03-12
44821588,V61.03,legal_intervention,icd9cm,2024-03-12
44821603,V71.81,assault/homicide,icd9cm,2024-03-12
44822074,636.20,legal_intervention,icd9cm,2024-03-12
44822587,E885.0,motor vehicle accident,icd9cm,2024-03-12
44822729,V61.0,military_operations,icd9cm,2024-03-12
44823255,651.63,death cause,icd9cm,2024-03-12
44823647,995.85,assault/homicide,icd9cm,2024-03-12
44824123,302.71,sexual_orientation,icd9cm,2024-03-12
44824377,636.40,legal_intervention,icd9cm,2024-03-12
44824838,995.54,assault/homicide,icd9cm,2024-03-12
44825303,302.0,gender/sex,icd9cm,2024-03-12
44825303,302.0,sexual_orientation,icd9cm,2024-03-12
44825304,302.50,gender/sex,icd9cm,2024-03-12
44825304,302.50,sexual_orientation,icd9cm,2024-03-12
44825605,651.30,death cause,icd9cm,2024-03-12
44825609,656.43,death cause,icd9cm,2024-03-12
44826231,V61.02,military_operations,icd9cm,2024-03-12
44826508,302.52,"demographics (race/ethnicity, gender)",icd9cm,2024-03-12
44826508,302.52,gender/sex,icd9cm,2024-03-12
44826508,302.52,sexual_orientation,icd9cm,2024-03-12
44826509,302.7,"demographics (race/ethnicity, gender)",icd9cm,2024-03-12
44826509,302.7,gender/sex,icd9cm,2024-03-12
44826938,752.7,gender/sex,icd9cm,2024-03-12
44826990,798.0,death cause,icd9cm,2024-03-12
44827330,V17.41,death cause,icd9cm,2024-03-12
44827663,302.53,"demographics (race/ethnicity, gender)",icd9cm,2024-03-12
44827663,302.53,gender/sex,icd9cm,2024-03-12
44827663,302.53,sexual_orientation,icd9cm,2024-03-12
44827664,302.73,"demographics (race/ethnicity, gender)",icd9cm,2024-03-12
44827665,302.89,"demographics (race/ethnicity, gender)",icd9cm,2024-03-12
44827665,302.89,gender/sex,icd9cm,2024-03-12
44827922,636.70,legal_intervention,icd9cm,2024-03-12
44828342,995.50,assault/homicide,icd9cm,2024-03-12
44828581,V61.1,assault/homicide,icd9cm,2024-03-12
44829132,656.4,death cause,icd9cm,2024-03-12
44829474,995.52,assault/homicide,icd9cm,2024-03-12
44829596,V13.7,perinatal,icd9cm,2024-03-12
44829931,302.3,gender/sex,icd9cm,2024-03-12
44830203,636.50,legal_intervention,icd9cm,2024-03-12
44830204,636.91,legal_intervention,icd9cm,2024-03-12
44830232,651.41,death cause,icd9cm,2024-03-12
44830233,651.53,death cause,icd9cm,2024-03-12
44831399,651.60,death cause,icd9cm,2024-03-12
44831785,995.5,assault/homicide,icd9cm,2024-03-12
44831786,995.51,assault/homicide,icd9cm,2024-03-12
44831788,995.81,assault/homicide,icd9cm,2024-03-12
44831789,995.84,assault/homicide,icd9cm,2024-03-12
44831987,V61.11,assault/homicide,icd9cm,2024-03-12
44831990,V62.2,military_operations,icd9cm,2024-03-12
44832243,302.85,"demographics (race/ethnicity, gender)",icd9cm,2024-03-12
44832243,302.85,gender/sex,icd9cm,2024-03-12
44832925,995.59,assault/homicide,icd9cm,2024-03-12
44832927,995.82,assault/homicide,icd9cm,2024-03-12
44833141,V62.83,assault/homicide,icd9cm,2024-03-12
44833708,636.90,legal_intervention,icd9cm,2024-03-12
44834122,995.83,assault/homicide,icd9cm,2024-03-12
44834317,V61.01,military_operations,icd9cm,2024-03-12
44834593,302.72,"demographics (race/ethnicity, gender)",icd9cm,2024-03-12
44834594,302.74,"demographics (race/ethnicity, gender)",icd9cm,2024-03-12
44834595,302.79,"demographics (race/ethnicity, gender)",icd9cm,2024-03-12
44834595,302.79,gender/sex,icd9cm,2024-03-12
44834898,651.40,death cause,icd9cm,2024-03-12
44835510,V61.21,assault/homicide,icd9cm,2024-03-12
44835797,302.51,"demographics (race/ethnicity, gender)",icd9cm,2024-03-12
44835797,302.51,gender/sex,icd9cm,2024-03-12
44835797,302.51,sexual_orientation,icd9cm,2024-03-12
44835798,302.70,"demographics (race/ethnicity, gender)",icd9cm,2024-03-12
44835798,302.70,gender/sex,icd9cm,2024-03-12
44836103,656.41,death cause,icd9cm,2024-03-12
44836610,V15.41,assault/homicide,icd9cm,2024-03-12
44836686,V61.07,death cause,icd9cm,2024-03-12
44836976,302.5,"demographics (race/ethnicity, gender)",icd9cm,2024-03-12
44836976,302.5,gender/sex,icd9cm,2024-03-12
44837251,651.31,death cause,icd9cm,2024-03-12
44837252,651.43,death cause,icd9cm,2024-03-12
44837273,656.40,death cause,icd9cm,2024-03-12
44837772,V15.42,assault/homicide,icd9cm,2024-03-12
45533174,G93.82,death cause,icd10cm,2024-03-12
45534210,O31.22X0,death cause,icd10cm,2024-03-12
45534327,O9A.419,assault/homicide,icd10cm,2024-03-12
45536996,T74.11XA,assault/homicide,icd10cm,2024-03-12
45536998,T76.22XA,assault/homicide,icd10cm,2024-03-12
45536999,T76.22XD,assault/homicide,icd10cm,2024-03-12
45537591,Y92.008,location,icd10cm,2024-03-12
45537593,Y92.119,location,icd10cm,2024-03-12
45537594,Y92.128,location,icd10cm,2024-03-12
45537595,Y92.129,location,icd10cm,2024-03-12
45537601,Y92.413,location,icd10cm,2024-03-12
45537602,Y92.414,location,icd10cm,2024-03-12
45537682,Z82.41,death cause,icd10cm,2024-03-12
45539156,O36.4XX0,death cause,icd10cm,2024-03-12
45539157,O36.4XX2,death cause,icd10cm,2024-03-12
45541788,T74.92XD,assault/homicide,icd10cm,2024-03-12
45542372,Y92.012,location,icd10cm,2024-03-12
45542373,Y92.017,location,icd10cm,2024-03-12
45542374,Y92.121,location,icd10cm,2024-03-12
45542375,Y92.126,location,icd10cm,2024-03-12
45542376,Y92.149,location,icd10cm,2024-03-12
45542381,Y92.215,location,icd10cm,2024-03-12
45546654,T74.01XS,assault/homicide,icd10cm,2024-03-12
45546656,T74.21XS,assault/homicide,icd10cm,2024-03-12
45546663,T76.12XA,assault/homicide,icd10cm,2024-03-12
45546664,T76.12XD,assault/homicide,icd10cm,2024-03-12
45546665,T76.22XS,assault/homicide,icd10cm,2024-03-12
45546666,T76.31XA,assault/homicide,icd10cm,2024-03-12
45547256,Y92.001,location,icd10cm,2024-03-12
45547257,Y92.002,location,icd10cm,2024-03-12
45547258,Y92.015,location,icd10cm,2024-03-12
45547259,Y92.032,location,icd10cm,2024-03-12
45547261,Y92.160,location,icd10cm,2024-03-12
45547334,Z63.71,military_operations,icd10cm,2024-03-12
45547337,Z69.010,assault/homicide,icd10cm,2024-03-12
45548743,O31.23X0,death cause,icd10cm,2024-03-12
45548770,O36.4XX1,death cause,icd10cm,2024-03-12
45551440,T74.12XA,assault/homicide,icd10cm,2024-03-12
45551441,T74.21XD,assault/homicide,icd10cm,2024-03-12
45551444,T76.31XS,assault/homicide,icd10cm,2024-03-12
45551831,W05.1XXA,motor vehicle accident,icd10cm,2024-03-12
45552037,Y92.028,location,icd10cm,2024-03-12
45552038,Y92.031,location,icd10cm,2024-03-12
45552039,Y92.049,location,icd10cm,2024-03-12
45552040,Y92.096,location,icd10cm,2024-03-12
45552043,Y92.162,location,icd10cm,2024-03-12
45552046,Y92.411,location,icd10cm,2024-03-12
45552093,Z63.31,military_operations,icd10cm,2024-03-12
45553623,O9A.319,assault/homicide,icd10cm,2024-03-12
45556215,T74.01XA,assault/homicide,icd10cm,2024-03-12
45556216,T74.22XA,assault/homicide,icd10cm,2024-03-12
45556219,T76.91XD,assault/homicide,icd10cm,2024-03-12
45556581,W05.1XXD,motor vehicle accident,icd10cm,2024-03-12
45556782,Y92.013,location,icd10cm,2024-03-12
45556783,Y92.016,location,icd10cm,2024-03-12
45556784,Y92.039,location,icd10cm,2024-03-12
45556785,Y92.041,location,icd10cm,2024-03-12
45556787,Y92.098,location,icd10cm,2024-03-12
45556788,Y92.120,location,icd10cm,2024-03-12
45556790,Y92.192,location,icd10cm,2024-03-12
45556793,Y92.481,location,icd10cm,2024-03-12
45556794,Y92.482,location,icd10cm,2024-03-12
45556796,Y92.810,motor vehicle accident,icd10cm,2024-03-12
45556806,Y99.1,military_operations,icd10cm,2024-03-12
45558274,O36.4XX3,death cause,icd10cm,2024-03-12
45560993,T74.01XD,assault/homicide,icd10cm,2024-03-12
45560994,T74.11XD,assault/homicide,icd10cm,2024-03-12
45560998,T76.02XA,assault/homicide,icd10cm,2024-03-12
45561000,T76.31XD,assault/homicide,icd10cm,2024-03-12
45561001,T76.32XA,assault/homicide,icd10cm,2024-03-12
45561002,T76.91XA,assault/homicide,icd10cm,2024-03-12
45561587,Y92.003,location,icd10cm,2024-03-12
45561590,Y92.142,location,icd10cm,2024-03-12
45561593,Y92.199,location,icd10cm,2024-03-12
45561597,Y92.410,location,icd10cm,2024-03-12
45561599,Y92.814,motor vehicle accident,icd10cm,2024-03-12
45561610,Z04.71,assault/homicide,icd10cm,2024-03-12
45563087,O31.20X0,death cause,icd10cm,2024-03-12
45563090,O31.23X1,death cause,icd10cm,2024-03-12
45566373,Y92.048,location,icd10cm,2024-03-12
45566374,Y92.112,location,icd10cm,2024-03-12
45566377,Y92.190,location,icd10cm,2024-03-12
45566378,Y92.193,location,icd10cm,2024-03-12
45566379,Y92.197,location,icd10cm,2024-03-12
45566380,Y92.210,location,icd10cm,2024-03-12
45566381,Y92.212,location,icd10cm,2024-03-12
45566385,Y92.813,motor vehicle accident,icd10cm,2024-03-12
45566446,Z62.810,assault/homicide,icd10cm,2024-03-12
45567909,O31.22X1,death cause,icd10cm,2024-03-12
45570668,T74.02XA,assault/homicide,icd10cm,2024-03-12
45570670,T74.31XD,assault/homicide,icd10cm,2024-03-12
45570671,T74.32XA,assault/homicide,icd10cm,2024-03-12
45571289,Y92.009,location,icd10cm,2024-03-12
45571290,Y92.011,location,icd10cm,2024-03-12
45571291,Y92.091,location,icd10cm,2024-03-12
45571292,Y92.093,location,icd10cm,2024-03-12
45571293,Y92.122,location,icd10cm,2024-03-12
45571294,Y92.139,location,icd10cm,2024-03-12
45571294,Y92.139,military_operations,icd10cm,2024-03-12
45571295,Y92.147,location,icd10cm,2024-03-12
45571297,Y92.168,location,icd10cm,2024-03-12
45571298,Y92.198,location,icd10cm,2024-03-12
45571303,Y92.415,location,icd10cm,2024-03-12
45572791,O31.21X2,death cause,icd10cm,2024-03-12
45572915,O9A.412,assault/homicide,icd10cm,2024-03-12
45572916,O9A.42,assault/homicide,icd10cm,2024-03-12
45572917,O9A.513,assault/homicide,icd10cm,2024-03-12
45575515,T74.91XS,assault/homicide,icd10cm,2024-03-12
45576103,Y92.027,location,icd10cm,2024-03-12
45576108,Y92.169,location,icd10cm,2024-03-12
45576109,Y92.194,location,icd10cm,2024-03-12
45576112,Y92.816,motor vehicle accident,icd10cm,2024-03-12
45576174,Z69.11,assault/homicide,icd10cm,2024-03-12
45580372,T76.11XD,assault/homicide,icd10cm,2024-03-12
45580772,W05.2XXA,motor vehicle accident,icd10cm,2024-03-12
45580983,Y92.042,location,icd10cm,2024-03-12
45580987,Y92.213,location,icd10cm,2024-03-12
45580992,Y92.815,motor vehicle accident,icd10cm,2024-03-12
45582603,O9A.311,assault/homicide,icd10cm,2024-03-12
45585193,T74.02XS,assault/homicide,icd10cm,2024-03-12
45585194,T74.12XD,assault/homicide,icd10cm,2024-03-12
45585195,T74.22XD,assault/homicide,icd10cm,2024-03-12
45585196,T74.31XS,assault/homicide,icd10cm,2024-03-12
45585204,T76.02XS,assault/homicide,icd10cm,2024-03-12
45585205,T76.11XA,assault/homicide,icd10cm,2024-03-12
45585767,Y92.000,location,icd10cm,2024-03-12
45585768,Y92.020,location,icd10cm,2024-03-12
45585769,Y92.022,location,icd10cm,2024-03-12
45585771,Y92.099,location,icd10cm,2024-03-12
45585772,Y92.10,location,icd10cm,2024-03-12
45585775,Y92.191,location,icd10cm,2024-03-12
45585776,Y92.412,location,icd10cm,2024-03-12
45585780,Y92.811,motor vehicle accident,icd10cm,2024-03-12
45585847,Z62.811,assault/homicide,icd10cm,2024-03-12
45585880,Z91.419,assault/homicide,icd10cm,2024-03-12
45587403,O9A.32,assault/homicide,icd10cm,2024-03-12
45587405,O9A.52,assault/homicide,icd10cm,2024-03-12
45590670,Y92.007,location,icd10cm,2024-03-12
45590672,Y92.030,location,icd10cm,2024-03-12
45590673,Y92.095,location,icd10cm,2024-03-12
45590674,Y92.214,location,icd10cm,2024-03-12
45590675,Y92.218,location,icd10cm,2024-03-12
45590695,Z04.72,assault/homicide,icd10cm,2024-03-12
45590746,Z62.819,assault/homicide,icd10cm,2024-03-12
45590752,Z69.021,assault/homicide,icd10cm,2024-03-12
45590772,Z91.411,assault/homicide,icd10cm,2024-03-12
45592220,O31.21X0,death cause,icd10cm,2024-03-12
45592221,O31.23X2,death cause,icd10cm,2024-03-12
45592318,O9A.313,assault/homicide,icd10cm,2024-03-12
45592319,O9A.411,assault/homicide,icd10cm,2024-03-12
45592320,O9A.413,assault/homicide,icd10cm,2024-03-12
45594865,T74.91XA,assault/homicide,icd10cm,2024-03-12
45594871,T76.91XS,assault/homicide,icd10cm,2024-03-12
45595452,Y92.010,location,icd10cm,2024-03-12
45595453,Y92.018,location,icd10cm,2024-03-12
45595455,Y92.046,location,icd10cm,2024-03-12
45595456,Y92.124,location,icd10cm,2024-03-12
45595461,Y92.480,location,icd10cm,2024-03-12
45595466,Y92.818,motor vehicle accident,icd10cm,2024-03-12
45596949,O31.22X2,death cause,icd10cm,2024-03-12
45596984,O36.4XX9,death cause,icd10cm,2024-03-12
45599709,T74.12XS,assault/homicide,icd10cm,2024-03-12
45599710,T74.21XA,assault/homicide,icd10cm,2024-03-12
45599711,T74.31XA,assault/homicide,icd10cm,2024-03-12
45599712,T74.92XS,assault/homicide,icd10cm,2024-03-12
45600285,Y92.038,location,icd10cm,2024-03-12
45600288,Y92.211,location,icd10cm,2024-03-12
45600290,Y92.488,location,icd10cm,2024-03-12
45600334,Z56.82,military_operations,icd10cm,2024-03-12
45600351,Z69.81,assault/homicide,icd10cm,2024-03-12
45604502,T74.32XS,assault/homicide,icd10cm,2024-03-12
45604503,T74.4XXA,assault/homicide,icd10cm,2024-03-12
45604504,T74.92XA,assault/homicide,icd10cm,2024-03-12
45604507,T76.01XD,assault/homicide,icd10cm,2024-03-12
45604508,T76.21XD,assault/homicide,icd10cm,2024-03-12
45604509,T76.21XS,assault/homicide,icd10cm,2024-03-12
45605068,Y92.014,location,icd10cm,2024-03-12
45605069,Y92.019,location,icd10cm,2024-03-12
45605070,Y92.090,location,icd10cm,2024-03-12
45605071,Y92.092,location,icd10cm,2024-03-12
45605072,Y92.094,location,icd10cm,2024-03-12
45605074,Y92.125,location,icd10cm,2024-03-12
45605076,Y92.138,location,icd10cm,2024-03-12
45605076,Y92.138,military_operations,icd10cm,2024-03-12
45605077,Y92.148,location,icd10cm,2024-03-12
45605078,Y92.219,location,icd10cm,2024-03-12
45605082,Y92.812,motor vehicle accident,icd10cm,2024-03-12
45605172,Z91.410,assault/homicide,icd10cm,2024-03-12
45606569,O31.21X1,death cause,icd10cm,2024-03-12
45606570,O31.23X3,death cause,icd10cm,2024-03-12
45606682,O9A.312,assault/homicide,icd10cm,2024-03-12
45609287,T74.22XS,assault/homicide,icd10cm,2024-03-12
45609288,T74.91XD,assault/homicide,icd10cm,2024-03-12
45609291,T76.01XA,assault/homicide,icd10cm,2024-03-12
45609292,T76.21XA,assault/homicide,icd10cm,2024-03-12
45609676,W05.2XXD,motor vehicle accident,icd10cm,2024-03-12
45609763,W94.11XA,location,icd10cm,2024-03-12
45609888,Y92.023,location,icd10cm,2024-03-12
45609890,Y92.029,location,icd10cm,2024-03-12
45609892,Y92.143,location,icd10cm,2024-03-12
45609957,Z62.812,assault/homicide,icd10cm,2024-03-12
45757135,10756261000119102,assault/homicide,snomed,2024-03-12
45757136,10756301000119105,assault/homicide,snomed,2024-03-12
45757170,10760941000119102,assault/homicide,snomed,2024-03-12
45757171,10760981000119107,assault/homicide,snomed,2024-03-12
45757172,10761021000119102,assault/homicide,snomed,2024-03-12
45757173,10761061000119107,assault/homicide,snomed,2024-03-12
45763732,700229002,assault/homicide,snomed,2024-03-12
45765604,702579009,assault/homicide,snomed,2024-03-12
45766189,703300001,suffocation,snomed,2024-03-12
45767012,704294006,perinatal,snomed,2024-03-12
45768441,706872008,assault/homicide,snomed,2024-03-12
45768458,706893006,assault/homicide,snomed,2024-03-12
45768510,706957005,location,snomed,2024-03-12
45876631,LA4443-3,"demographics (race/ethnicity, gender)",loinc,2024-03-12
45876999,LA7-7,"demographics (race/ethnicity, gender)",loinc,2024-03-12
45877496,LA15581-4,sexual_orientation,loinc,2024-03-12
45877988,LA10610-6,"demographics (race/ethnicity, gender)",loinc,2024-03-12
45880773,LA14511-2,"demographics (race/ethnicity, gender)",loinc,2024-03-12
45883294,LA15575-6,"demographics (race/ethnicity, gender)",loinc,2024-03-12
45883615,LA16816-3,"demographics (race/ethnicity, gender)",loinc,2024-03-12
45923856,126582,assault/homicide,ciel,2024-03-12
46235213,76689-9,gender/sex,loinc,2024-03-12
46235214,76690-7,gender/sex,loinc,2024-03-12
46235214,76690-7,sexual_orientation,loinc,2024-03-12
46235215,76691-5,"demographics (race/ethnicity, gender)",loinc,2024-03-12
46235215,76691-5,gender/sex,loinc,2024-03-12
46235350,75617-1,location,loinc,2024-03-12
46238126,LA23729-9,"demographics (race/ethnicity, gender)",loinc,2024-03-12
46270007,117361000119104,death cause,snomed,2024-03-12
46270374,29231000119109,military_operations,snomed,2024-03-12
46270374,29231000119109,assault/homicide,snomed,2024-03-12
46270485,32570681000036106,gender/sex,snomed,2024-03-12
46271794,710045002,assault/homicide,snomed,2024-03-12
44832243,302.85,gender/sex,icd9cm,2024-03-12
44819548,302.6,gender/sex,icd9cm,2024-03-12
44827665,302.89,gender/sex,icd9cm,2024-03-12
44826508,302.52,gender/sex,icd9cm,2024-03-12
44835797,302.51,gender/sex,icd9cm,2024-03-12
44827663,302.53,gender/sex,icd9cm,2024-03-12
44829931,302.3,gender/sex,icd9cm,2024-03-12
44819549,302.9,gender/sex,icd9cm,2024-03-12
44835798,302.70,gender/sex,icd9cm,2024-03-12
44826509,302.7,gender/sex,icd9cm,2024-03-12
44834595,302.79,gender/sex,icd9cm,2024-03-12
44826938,752.7,gender/sex,icd9cm,2024-03-12
37108765,12277711000119108,gender/sex,snomed,2024-03-12
436666,56627002,gender/sex,snomed,2024-03-12
4233034,439011002,gender/sex,snomed,2024-03-12
440068,268637002,gender/sex,snomed,2024-03-12
4009631,111332007,gender/sex,snomed,2024-03-12
434153,74345006,gender/sex,snomed,2024-03-12
43021205,472989003,gender/sex,snomed,2024-03-12
4228490,405769009,gender/sex,snomed,2024-03-12
43021197,472981000,gender/sex,snomed,2024-03-12
2110051,55970,gender/sex,cpt4,2024-03-12
2110124,57292,gender/sex,cpt4,2024-03-12
2109986,54690,gender/sex,cpt4,2024-03-12
2110277,58999,gender/sex,cpt4,2024-03-12
2109913,54125,gender/sex,cpt4,2024-03-12
2110076,56805,gender/sex,cpt4,2024-03-12
2110135,57335,gender/sex,cpt4,2024-03-12
2109973,54520,gender/sex,cpt4,2024-03-12
44829930,302,gender/sex,icd9cm,2024-03-12
434903,52813007,gender/sex,snomed,2024-03-12
432306,57715001,gender/sex,snomed,2024-03-12
443625,18003009,gender/sex,snomed,2024-03-12
436381,5095008,gender/sex,snomed,2024-03-12
4087030,282272009,gender/sex,snomed,2024-03-12
4248372,407376001,gender/sex,snomed,2024-03-12
43021157,472945003,gender/sex,snomed,2024-03-12
4234364,407377005,gender/sex,snomed,2024-03-12
37017839,714189008,gender/sex,snomed,2024-03-12
43021158,472946002,gender/sex,snomed,2024-03-12
4201284,51427007,gender/sex,snomed,2024-03-12
4192796,39491008,gender/sex,snomed,2024-03-12
43021960,472947006,gender/sex,snomed,2024-03-12
37017838,714186001,gender/sex,snomed,2024-03-12
35211008,Q56.1,gender/sex,icd10cm,2024-03-12